INSERT INTO pm_processmanager (`id`,`name`,`description`,`status`,`process_object`,`start_event`,`cancel_on_event`,`assigned_user_id`,`deleted`,`related_object`,`filter_on_related`,`date_entered`,`date_modified`,`created_by`,`modified_user_id`,`team_id`,`team_set_id`) VALUES ("8f05297d-fe84-7bff-7133-5750aa3b7fc5","Closed Opportunites - multi stage process","","Inactive","opportunities","Modify","Modify",1,0,"","","2016-06-02 15:03:09","2016-06-02 15:03:09",1,1,1,1); 
INSERT INTO pm_process_defs (`id`,`ignore_process_prev_run_check`,`process_id`,`process_query_value`,`process_frequency`,`process_start_time_day`,`process_start_day_of_week`,`process_day_of_month`,`process_month`,`route_object`,`routing_type`,`route_to_user`,`check_login_status`,`find_logged_in_user`,`route_to_role`,`route_to_team`) VALUES ("8f05297d-fe84-7bff-7133-5750aa3b7fc5",0,"8f05297d-fe84-7bff-7133-5750aa3b7fc5","","","","","","",0,"","",0,0,"",""); 
INSERT INTO pm_process_filter_table (`id`,`process_id`,`field_name`,`field_operator`,`compare_to_field`,`field_value`,`group_number`,`group_andor`,`sequence`,`status`,`andorfilterfields`,`field_value_to`,`compare_to_field_name`) VALUES ("6b5bf6bf-019b-0b7a-c914-5750ad1c789e","8f05297d-fe84-7bff-7133-5750aa3b7fc5","sales_stage","=",0,"Closed Won",1,"and",1,"","","",""); 
INSERT INTO pm_processmanagerstage (`id`,`name`,`stage_order`,`start_delay_minutes`,`start_delay_hours`,`start_delay_days`,`start_delay_months`,`start_delay_years`,`assigned_user_id`,`description`,`deleted`,`process_id`,`date_entered`,`date_modified`,`created_by`,`modified_user_id`,`team_id`,`team_set_id`) VALUES ("8f073037-79be-640a-c9d5-5750aabd16a8","Closed Opportunites - stage 1 - 1 month delay",0,0,0,0,1,0,1,"",0,"","2016-06-02 15:03:09","2016-06-02 15:03:09",1,1,1,1); 
INSERT INTO pm_processmanagerstage (`id`,`name`,`stage_order`,`start_delay_minutes`,`start_delay_hours`,`start_delay_days`,`start_delay_months`,`start_delay_years`,`assigned_user_id`,`description`,`deleted`,`process_id`,`date_entered`,`date_modified`,`created_by`,`modified_user_id`,`team_id`,`team_set_id`) VALUES ("3b500dff-ce92-aa81-85fa-5750ac2ce92f","Closed Opportunities - stage 2 - 2 month delay",0,0,0,0,2,0,1,"",0,"","2016-06-02 15:03:09","2016-06-02 15:03:09",1,1,1,1); 
INSERT INTO pm_processmanagerstage (`id`,`name`,`stage_order`,`start_delay_minutes`,`start_delay_hours`,`start_delay_days`,`start_delay_months`,`start_delay_years`,`assigned_user_id`,`description`,`deleted`,`process_id`,`date_entered`,`date_modified`,`created_by`,`modified_user_id`,`team_id`,`team_set_id`) VALUES ("428d0d05-c79f-7954-9bfd-5750ac636429","Closed Opportunities - stage 3 - 3 month delay",0,0,0,0,3,0,1,"",0,"","2016-06-02 15:03:09","2016-06-02 15:03:09",1,1,1,1); 
INSERT INTO pm_processmanagerstagetask (`id`,`name`,`task_type`,`assigned_user_id`,`description`,`deleted`,`task_order`,`stage_id`,`email_template_defs_id`,`calls_defs_id`,`project_task_defs_id`,`task_defs_id`,`start_delay_type`,`custom_script`,`meetings_defs_id`,`trigger_process_name`,`date_entered`,`date_modified`,`created_by`,`modified_user_id`,`team_id`,`team_set_id`) VALUES ("8f1fbb6f-1b88-a625-e622-5750aa758dc5","Closed Opps - 1 month delay - send email","Send Email",1,"",0,0,"","","","","","","","","","2016-06-02 15:03:09","2016-06-02 15:03:09",1,1,1,1); 
INSERT INTO pm_processmanagerstagetask (`id`,`name`,`task_type`,`assigned_user_id`,`description`,`deleted`,`task_order`,`stage_id`,`email_template_defs_id`,`calls_defs_id`,`project_task_defs_id`,`task_defs_id`,`start_delay_type`,`custom_script`,`meetings_defs_id`,`trigger_process_name`,`date_entered`,`date_modified`,`created_by`,`modified_user_id`,`team_id`,`team_set_id`) VALUES ("90894265-a3e8-9a81-0cae-5750acda6344","Closed Opps - 2 month delay - send email","Send Email",1,"",0,0,"","","","","","","","","","2016-06-02 15:03:09","2016-06-02 15:03:09",1,1,1,1); 
INSERT INTO pm_processmanagerstagetask (`id`,`name`,`task_type`,`assigned_user_id`,`description`,`deleted`,`task_order`,`stage_id`,`email_template_defs_id`,`calls_defs_id`,`project_task_defs_id`,`task_defs_id`,`start_delay_type`,`custom_script`,`meetings_defs_id`,`trigger_process_name`,`date_entered`,`date_modified`,`created_by`,`modified_user_id`,`team_id`,`team_set_id`) VALUES ("e7e3f6d7-2e94-d43a-50ad-5750ac0708a2","Closed Opps - 3 month delay - send email","Send Email",1,"",0,0,"","","","","","","","","","2016-06-02 15:03:09","2016-06-02 15:03:09",1,1,1,1); 
INSERT INTO pm_process_task_email_defs (`id`,`task_id`,`email_template_name`,`internal_email`,`send_email_to_object_owner`,`send_email_to_email_queue`,`send_email_to_all`,`send_email_to`,`email_template_id`,`contact_role`,`internal_email_to_address`,`send_email_to_caseopp_account`,`email_from_account`,`send_email_to_contact`,`email_queue_campaign_name`,`email_field`,`related_module`,`related_module_email_field`,`cc_email_to_address`,`send_email_other_owner`,`send_email_to_role`,`send_email_to_team`,`send_email_cc`,`send_email_bcc`) VALUES ("8f1fbb6f-1b88-a625-e622-5750aa758dc5","8f1fbb6f-1b88-a625-e622-5750aa758dc5","PM - Closed Opp - 1st Email",0,0,0,0,"^The Process Object Email Address^","e5c72821-d2be-4752-1ae4-5750abef54bf","","",0,"",0,"","","","","","","","","",""); 
INSERT INTO pm_process_task_email_defs (`id`,`task_id`,`email_template_name`,`internal_email`,`send_email_to_object_owner`,`send_email_to_email_queue`,`send_email_to_all`,`send_email_to`,`email_template_id`,`contact_role`,`internal_email_to_address`,`send_email_to_caseopp_account`,`email_from_account`,`send_email_to_contact`,`email_queue_campaign_name`,`email_field`,`related_module`,`related_module_email_field`,`cc_email_to_address`,`send_email_other_owner`,`send_email_to_role`,`send_email_to_team`,`send_email_cc`,`send_email_bcc`) VALUES ("90894265-a3e8-9a81-0cae-5750acda6344","90894265-a3e8-9a81-0cae-5750acda6344","PM - Closed Opp - 2nd Email",0,0,0,0,"^The Process Object Email Address^","26369b63-95a7-79ce-b21f-5750abacb17e","","",0,"",0,"","","","","","","","","",""); 
INSERT INTO pm_process_task_email_defs (`id`,`task_id`,`email_template_name`,`internal_email`,`send_email_to_object_owner`,`send_email_to_email_queue`,`send_email_to_all`,`send_email_to`,`email_template_id`,`contact_role`,`internal_email_to_address`,`send_email_to_caseopp_account`,`email_from_account`,`send_email_to_contact`,`email_queue_campaign_name`,`email_field`,`related_module`,`related_module_email_field`,`cc_email_to_address`,`send_email_other_owner`,`send_email_to_role`,`send_email_to_team`,`send_email_cc`,`send_email_bcc`) VALUES ("e7e3f6d7-2e94-d43a-50ad-5750ac0708a2","e7e3f6d7-2e94-d43a-50ad-5750ac0708a2","PM - Closed Opp - 3rd Email",0,0,0,0,"^The Process Object Email Address^","bc2f4943-41ea-d0b0-151e-5750ac07310d","","",0,"",0,"","","","","","","","","",""); 
INSERT INTO pm_processmmanagerstage (`id`,`deleted`,`date_modified`,`pm_processmanager_ida`,`pm_processmanagerstage_idb`) VALUES ("83fb0413-5c33-85a2-6a87-5750ac87a78f",0,"2016-06-02 15:01:40","8f05297d-fe84-7bff-7133-5750aa3b7fc5","8f073037-79be-640a-c9d5-5750aabd16a8") ; 
INSERT INTO pm_processmgerstagetask (`id`,`deleted`,`date_modified`,`pm_processmanagerstage_ida`,`pm_processmanagerstagetask_idb`) VALUES ("85a656e8-a49c-6e2d-e0f9-5750ac925e51",0,"2016-06-02 15:01:40","8f073037-79be-640a-c9d5-5750aabd16a8","8f1fbb6f-1b88-a625-e622-5750aa758dc5") ; 
INSERT INTO pm_processmmanagerstage (`id`,`deleted`,`date_modified`,`pm_processmanager_ida`,`pm_processmanagerstage_idb`) VALUES ("841572b7-25f1-0417-96ed-5750ac510c53",0,"2016-06-02 15:01:40","8f05297d-fe84-7bff-7133-5750aa3b7fc5","3b500dff-ce92-aa81-85fa-5750ac2ce92f") ; 
INSERT INTO pm_processmgerstagetask (`id`,`deleted`,`date_modified`,`pm_processmanagerstage_ida`,`pm_processmanagerstagetask_idb`) VALUES ("85bcfc88-95fa-b4ff-357e-5750ac1a994e",0,"2016-06-02 15:01:40","3b500dff-ce92-aa81-85fa-5750ac2ce92f","90894265-a3e8-9a81-0cae-5750acda6344") ; 
INSERT INTO pm_processmmanagerstage (`id`,`deleted`,`date_modified`,`pm_processmanager_ida`,`pm_processmanagerstage_idb`) VALUES ("842fb099-ac55-887f-d1b2-5750ac00c000",0,"2016-06-02 15:01:40","8f05297d-fe84-7bff-7133-5750aa3b7fc5","428d0d05-c79f-7954-9bfd-5750ac636429") ; 
INSERT INTO pm_processmgerstagetask (`id`,`deleted`,`date_modified`,`pm_processmanagerstage_ida`,`pm_processmanagerstagetask_idb`) VALUES ("85d71038-d5ff-d3b4-4c75-5750acea0111",0,"2016-06-02 15:01:40","428d0d05-c79f-7954-9bfd-5750ac636429","e7e3f6d7-2e94-d43a-50ad-5750ac0708a2") ; 
