INSERT INTO pm_processmanager (`id`,`name`,`description`,`status`,`process_object`,`start_event`,`cancel_on_event`,`assigned_user_id`,`deleted`,`related_object`,`filter_on_related`,`date_entered`,`date_modified`,`created_by`,`modified_user_id`,`team_id`,`team_set_id`) VALUES ("50bbf3eb-4154-d852-231e-5750a0abafb5","New Lead Process - Web Leads","Multi stage new lead process in which an email is sent when a new lead is created, then a series of process stages are created in which Calls and Tasks and additional email are scheduled and sent over time.","Inactive","leads","Create","Modify",1,0,"","","2016-06-02 14:41:34","2016-06-02 14:41:34",1,1,1,1); 
INSERT INTO pm_process_defs (`id`,`ignore_process_prev_run_check`,`process_id`,`process_query_value`,`process_frequency`,`process_start_time_day`,`process_start_day_of_week`,`process_day_of_month`,`process_month`,`route_object`,`routing_type`,`route_to_user`,`check_login_status`,`find_logged_in_user`,`route_to_role`,`route_to_team`) VALUES ("50bbf3eb-4154-d852-231e-5750a0abafb5",0,"50bbf3eb-4154-d852-231e-5750a0abafb5","","","","","","",0,"","",0,0,"",""); 
INSERT INTO pm_process_filter_table (`id`,`process_id`,`field_name`,`field_operator`,`compare_to_field`,`field_value`,`group_number`,`group_andor`,`sequence`,`status`,`andorfilterfields`,`field_value_to`,`compare_to_field_name`) VALUES ("398b429f-2bff-5c0b-5e9a-5750a4daee7f","50bbf3eb-4154-d852-231e-5750a0abafb5","lead_source","=",0,"Web Site",1,"and",1,"","","",""); 
INSERT INTO pm_process_cancel_filter_table (`id`,`process_id`,`cancel_field_name`,`cancel_field_operator`,`cancel_compare_to_field`,`cancel_field_value`,`sequence`,`cancelandorfilterfields`,`group_number`,`cancel_field_value_to`,`cancel_compare_to_field_name`) VALUES ("3992d33b-5ca4-96d5-6859-5750a42a8f99","50bbf3eb-4154-d852-231e-5750a0abafb5","deleted","=",0,1,0,"",0,"",""); 
INSERT INTO pm_process_cancel_filter_table (`id`,`process_id`,`cancel_field_name`,`cancel_field_operator`,`cancel_compare_to_field`,`cancel_field_value`,`sequence`,`cancelandorfilterfields`,`group_number`,`cancel_field_value_to`,`cancel_compare_to_field_name`) VALUES ("9e4a34ec-d06c-2aec-d908-5750a1ffed92","50bbf3eb-4154-d852-231e-5750a0abafb5","status","=",0,"Converted",0,"",0,"",""); 
INSERT INTO pm_processmanagerstage (`id`,`name`,`stage_order`,`start_delay_minutes`,`start_delay_hours`,`start_delay_days`,`start_delay_months`,`start_delay_years`,`assigned_user_id`,`description`,`deleted`,`process_id`,`date_entered`,`date_modified`,`created_by`,`modified_user_id`,`team_id`,`team_set_id`) VALUES ("50c29b9c-113d-2c43-862b-5750a0342fea","New Lead Stage 1 - No Delay",0,0,0,0,0,0,1,"",0,"","2016-06-02 14:41:34","2016-06-02 14:41:34",1,1,1,1); 
INSERT INTO pm_processmanagerstage (`id`,`name`,`stage_order`,`start_delay_minutes`,`start_delay_hours`,`start_delay_days`,`start_delay_months`,`start_delay_years`,`assigned_user_id`,`description`,`deleted`,`process_id`,`date_entered`,`date_modified`,`created_by`,`modified_user_id`,`team_id`,`team_set_id`) VALUES ("2878c417-9dc1-48e0-43a7-5750a356ca36","New Lead - Stage 2 - 1 Day Delay",0,0,0,1,0,0,1,"",0,"","2016-06-02 14:41:34","2016-06-02 14:41:34",1,1,1,1); 
INSERT INTO pm_processmanagerstage (`id`,`name`,`stage_order`,`start_delay_minutes`,`start_delay_hours`,`start_delay_days`,`start_delay_months`,`start_delay_years`,`assigned_user_id`,`description`,`deleted`,`process_id`,`date_entered`,`date_modified`,`created_by`,`modified_user_id`,`team_id`,`team_set_id`) VALUES ("c33203a9-cb35-4bcd-0f72-5750a335f2a1","New Lead - 3rd Stage - 2 Day Delay",0,0,0,2,0,0,1,"",0,"","2016-06-02 14:41:34","2016-06-02 14:41:34",1,1,1,1); 
INSERT INTO pm_processmanagerstagetask (`id`,`name`,`task_type`,`start_delay_type`,`task_order`,`assigned_user_id`,`description`,`deleted`,`stage_id`,`email_template_defs_id`,`calls_defs_id`,`project_task_defs_id`,`task_defs_id`,`custom_script`,`meetings_defs_id`,`trigger_process_name`,`date_entered`,`date_modified`,`created_by`,`modified_user_id`,`team_id`,`team_set_id`) VALUES ("484907b9-9dbf-847c-de83-5750a21cf43b","New Lead - 1st Email","Send Email","--None--",0,1,"",0,"","","","","","","","","2016-06-02 14:41:34","2016-06-02 14:41:34",1,1,1,1); 
INSERT INTO pm_processmanagerstagetask (`id`,`name`,`task_type`,`start_delay_type`,`task_order`,`assigned_user_id`,`description`,`deleted`,`stage_id`,`email_template_defs_id`,`calls_defs_id`,`project_task_defs_id`,`task_defs_id`,`custom_script`,`meetings_defs_id`,`trigger_process_name`,`date_entered`,`date_modified`,`created_by`,`modified_user_id`,`team_id`,`team_set_id`) VALUES ("5100fca4-18f0-ca39-4e87-5750a06d9561","New Lead - 1st Call","Create New Record","--None--",1,1,"",0,"","","","","","","","","2016-06-02 14:41:34","2016-06-02 14:41:34",1,1,1,1); 
INSERT INTO pm_processmanagerstagetask (`id`,`name`,`task_type`,`start_delay_type`,`task_order`,`assigned_user_id`,`description`,`deleted`,`stage_id`,`email_template_defs_id`,`calls_defs_id`,`project_task_defs_id`,`task_defs_id`,`custom_script`,`meetings_defs_id`,`trigger_process_name`,`date_entered`,`date_modified`,`created_by`,`modified_user_id`,`team_id`,`team_set_id`) VALUES ("421493fe-7523-48ab-e1e4-5750a37fb0aa","New Lead - Second Day - Schedule another Call","Create New Record","--None--",1,1,"",0,"","","","","","","","","2016-06-02 14:41:34","2016-06-02 14:41:34",1,1,1,1); 
INSERT INTO pm_processmanagerstagetask (`id`,`name`,`task_type`,`start_delay_type`,`task_order`,`assigned_user_id`,`description`,`deleted`,`stage_id`,`email_template_defs_id`,`calls_defs_id`,`project_task_defs_id`,`task_defs_id`,`custom_script`,`meetings_defs_id`,`trigger_process_name`,`date_entered`,`date_modified`,`created_by`,`modified_user_id`,`team_id`,`team_set_id`) VALUES ("1ab04b79-5b0c-bbc8-b41d-5750a49e1d84","New Lead - 2nd Email","Send Email","--None--",0,1,"",0,"","","","","","","","","2016-06-02 14:41:34","2016-06-02 14:41:34",1,1,1,1); 
INSERT INTO pm_processmanagerstagetask (`id`,`name`,`task_type`,`start_delay_type`,`task_order`,`assigned_user_id`,`description`,`deleted`,`stage_id`,`email_template_defs_id`,`calls_defs_id`,`project_task_defs_id`,`task_defs_id`,`custom_script`,`meetings_defs_id`,`trigger_process_name`,`date_entered`,`date_modified`,`created_by`,`modified_user_id`,`team_id`,`team_set_id`) VALUES ("97fd0492-9139-9c4d-4ab5-5750a453a5f0","New Lead - 3rd Email","Send Email","--None--",0,1,"",0,"","","","","","","","","2016-06-02 14:41:34","2016-06-02 14:41:34",1,1,1,1); 
INSERT INTO pm_processmanagerstagetask (`id`,`name`,`task_type`,`start_delay_type`,`task_order`,`assigned_user_id`,`description`,`deleted`,`stage_id`,`email_template_defs_id`,`calls_defs_id`,`project_task_defs_id`,`task_defs_id`,`custom_script`,`meetings_defs_id`,`trigger_process_name`,`date_entered`,`date_modified`,`created_by`,`modified_user_id`,`team_id`,`team_set_id`) VALUES ("5c65d81a-096e-a7c1-ce05-5750a315868a","New Lead - 3rd Call","Create New Record","--None--",1,1,"",0,"","","","","","","","","2016-06-02 14:41:34","2016-06-02 14:41:34",1,1,1,1); 
INSERT INTO pm_process_task_email_defs (`id`,`task_id`,`email_template_name`,`internal_email`,`send_email_to_object_owner`,`send_email_to_email_queue`,`send_email_to_all`,`send_email_to`,`email_template_id`,`contact_role`,`internal_email_to_address`,`send_email_to_caseopp_account`,`email_from_account`,`send_email_to_contact`,`email_queue_campaign_name`,`email_field`,`related_module`,`related_module_email_field`,`cc_email_to_address`,`send_email_other_owner`,`send_email_to_role`,`send_email_to_team`,`send_email_cc`,`send_email_bcc`) VALUES ("484907b9-9dbf-847c-de83-5750a21cf43b","484907b9-9dbf-847c-de83-5750a21cf43b","New Lead - 1st Email",0,0,0,0,"^The Process Object Email Address^","94d1d53f-4155-6779-6c56-5750a1701575","","",0,"",0,"","","","","","","","","",""); 
INSERT INTO pm_process_task_email_defs (`id`,`task_id`,`email_template_name`,`internal_email`,`send_email_to_object_owner`,`send_email_to_email_queue`,`send_email_to_all`,`send_email_to`,`email_template_id`,`contact_role`,`internal_email_to_address`,`send_email_to_caseopp_account`,`email_from_account`,`send_email_to_contact`,`email_queue_campaign_name`,`email_field`,`related_module`,`related_module_email_field`,`cc_email_to_address`,`send_email_other_owner`,`send_email_to_role`,`send_email_to_team`,`send_email_cc`,`send_email_bcc`) VALUES ("421493fe-7523-48ab-e1e4-5750a37fb0aa","421493fe-7523-48ab-e1e4-5750a37fb0aa","New Lead - 1st Email",0,0,0,0,"^The Process Object Email Address^","94d1d53f-4155-6779-6c56-5750a1701575","","",0,"",0,"","","","","","","","","",""); 
INSERT INTO pm_process_task_email_defs (`id`,`task_id`,`email_template_name`,`internal_email`,`send_email_to_object_owner`,`send_email_to_email_queue`,`send_email_to_all`,`send_email_to`,`email_template_id`,`contact_role`,`internal_email_to_address`,`send_email_to_caseopp_account`,`email_from_account`,`send_email_to_contact`,`email_queue_campaign_name`,`email_field`,`related_module`,`related_module_email_field`,`cc_email_to_address`,`send_email_other_owner`,`send_email_to_role`,`send_email_to_team`,`send_email_cc`,`send_email_bcc`) VALUES ("1ab04b79-5b0c-bbc8-b41d-5750a49e1d84","1ab04b79-5b0c-bbc8-b41d-5750a49e1d84","New Lead - 2nd Email",0,0,0,0,"^The Process Object Email Address^","efee52ac-5376-64e0-7ce5-5750a116c145","","",0,"",0,"","","","","","","","","",""); 
INSERT INTO pm_process_task_email_defs (`id`,`task_id`,`email_template_name`,`internal_email`,`send_email_to_object_owner`,`send_email_to_email_queue`,`send_email_to_all`,`send_email_to`,`email_template_id`,`contact_role`,`internal_email_to_address`,`send_email_to_caseopp_account`,`email_from_account`,`send_email_to_contact`,`email_queue_campaign_name`,`email_field`,`related_module`,`related_module_email_field`,`cc_email_to_address`,`send_email_other_owner`,`send_email_to_role`,`send_email_to_team`,`send_email_cc`,`send_email_bcc`) VALUES ("97fd0492-9139-9c4d-4ab5-5750a453a5f0","97fd0492-9139-9c4d-4ab5-5750a453a5f0","New Lead - 3rd Email",0,0,0,0,"^The Process Object Email Address^","1b28a6ae-d3da-987b-e801-5750a1275f68","","",0,"",0,"","","","","","","","","",""); 
INSERT INTO pm_process_task_email_defs (`id`,`task_id`,`email_template_name`,`internal_email`,`send_email_to_object_owner`,`send_email_to_email_queue`,`send_email_to_all`,`send_email_to`,`email_template_id`,`contact_role`,`internal_email_to_address`,`send_email_to_caseopp_account`,`email_from_account`,`send_email_to_contact`,`email_queue_campaign_name`,`email_field`,`related_module`,`related_module_email_field`,`cc_email_to_address`,`send_email_other_owner`,`send_email_to_role`,`send_email_to_team`,`send_email_cc`,`send_email_bcc`) VALUES ("5c65d81a-096e-a7c1-ce05-5750a315868a","5c65d81a-096e-a7c1-ce05-5750a315868a","New Lead - 1st Email",0,0,0,0,"^The Process Object Email Address^","94d1d53f-4155-6779-6c56-5750a1701575","","",0,"",0,"","","","","","","","","",""); 
INSERT INTO pm_process_task_create_by_field_defs (`id`,`task_id`,`create_by_field_field`,`create_by_field_method`,`create_by_field_by_value`,`create_by_field_by_field`,`create_by_field_by_date`) VALUES ("76dd85ff-adaa-dd1d-5bdf-5750a4059ba1","484907b9-9dbf-847c-de83-5750a21cf43b","name","by_value","Call for new Lead $leads_first_name","",""); 
INSERT INTO pm_process_task_create_by_field_defs (`id`,`task_id`,`create_by_field_field`,`create_by_field_method`,`create_by_field_by_field`,`create_by_field_by_value`,`create_by_field_by_date`) VALUES ("8cbcf319-53dd-eadf-5fdb-5750a4eda133","484907b9-9dbf-847c-de83-5750a21cf43b","assigned_user_id","from_field","assigned_user_id","Call for new Lead $leads_first_name",""); 
INSERT INTO pm_process_task_create_by_field_defs (`id`,`task_id`,`create_by_field_field`,`create_by_field_method`,`create_by_field_by_field`,`create_by_field_by_value`,`create_by_field_by_date`) VALUES ("a44621c4-2c04-b369-5189-5750a48975dd","484907b9-9dbf-847c-de83-5750a21cf43b","status","by_value","assigned_user_id","Planned",""); 
INSERT INTO pm_process_task_create_by_field_defs (`id`,`task_id`,`create_by_field_field`,`create_by_field_method`,`create_by_field_by_field`,`create_by_field_by_value`,`create_by_field_by_date`) VALUES ("bb5e0415-8fec-06e3-233b-5750a4848880","484907b9-9dbf-847c-de83-5750a21cf43b","parent_type","by_value","assigned_user_id","Leads",""); 
INSERT INTO pm_process_task_create_by_field_defs (`id`,`task_id`,`create_by_field_field`,`create_by_field_method`,`create_by_field_by_field`,`create_by_field_by_value`,`create_by_field_by_date`) VALUES ("d231af4d-e3af-257b-6fd5-5750a49e71d3","484907b9-9dbf-847c-de83-5750a21cf43b","parent_id","from_field","id","Leads",""); 
INSERT INTO pm_process_task_create_by_field_defs (`id`,`task_id`,`create_by_field_field`,`create_by_field_method`,`create_by_field_by_value`,`create_by_field_by_field`,`create_by_field_by_date`) VALUES ("515bc44d-db52-1dc0-7c49-5750a09680ee","5100fca4-18f0-ca39-4e87-5750a06d9561","name","by_value","Call for new Lead $leads_first_name","",""); 
INSERT INTO pm_process_task_create_by_field_defs (`id`,`task_id`,`create_by_field_field`,`create_by_field_method`,`create_by_field_by_field`,`create_by_field_by_value`,`create_by_field_by_date`) VALUES ("656f90d8-7019-1251-f8e6-5750a2fdfc20","5100fca4-18f0-ca39-4e87-5750a06d9561","assigned_user_id","from_field","assigned_user_id","Call for new Lead $leads_first_name",""); 
INSERT INTO pm_process_task_create_by_field_defs (`id`,`task_id`,`create_by_field_field`,`create_by_field_method`,`create_by_field_by_field`,`create_by_field_by_value`,`create_by_field_by_date`) VALUES ("70c10d92-895a-dcec-5df6-5750a2545bc0","5100fca4-18f0-ca39-4e87-5750a06d9561","status","by_value","assigned_user_id","Planned",""); 
INSERT INTO pm_process_task_create_by_field_defs (`id`,`task_id`,`create_by_field_field`,`create_by_field_method`,`create_by_field_by_field`,`create_by_field_by_value`,`create_by_field_by_date`) VALUES ("1fdd64ef-8929-7261-73a3-5750a24e0f1f","5100fca4-18f0-ca39-4e87-5750a06d9561","parent_type","by_value","assigned_user_id","Leads",""); 
INSERT INTO pm_process_task_create_by_field_defs (`id`,`task_id`,`create_by_field_field`,`create_by_field_method`,`create_by_field_by_field`,`create_by_field_by_value`,`create_by_field_by_date`) VALUES ("ef76dbe6-a923-7311-ba23-5750a2409601","5100fca4-18f0-ca39-4e87-5750a06d9561","parent_id","from_field","id","Leads",""); 
INSERT INTO pm_process_task_create_by_field_defs (`id`,`task_id`,`create_by_field_field`,`create_by_field_method`,`create_by_field_by_value`,`create_by_field_by_field`,`create_by_field_by_date`) VALUES ("a824c3e3-9c53-6ec5-e0e9-5750a31d9ade","421493fe-7523-48ab-e1e4-5750a37fb0aa","name","by_value","New Lead - Second Call for $leads_first_name","",""); 
INSERT INTO pm_process_task_create_by_field_defs (`id`,`task_id`,`create_by_field_field`,`create_by_field_method`,`create_by_field_by_field`,`create_by_field_by_value`,`create_by_field_by_date`) VALUES ("ece8c187-92c6-cb89-5662-5750a3a8b7ef","421493fe-7523-48ab-e1e4-5750a37fb0aa","assigned_user_id","from_field","assigned_user_id","New Lead - Second Call for $leads_first_name",""); 
INSERT INTO pm_process_task_create_by_field_defs (`id`,`task_id`,`create_by_field_field`,`create_by_field_method`,`create_by_field_by_field`,`create_by_field_by_value`,`create_by_field_by_date`) VALUES ("785c9244-e120-8300-9391-5750a3676d82","421493fe-7523-48ab-e1e4-5750a37fb0aa","parent_type","by_value","assigned_user_id","Leads",""); 
INSERT INTO pm_process_task_create_by_field_defs (`id`,`task_id`,`create_by_field_field`,`create_by_field_method`,`create_by_field_by_field`,`create_by_field_by_value`,`create_by_field_by_date`) VALUES ("e5f45582-0c68-58b7-5b2d-5750a39d4d48","421493fe-7523-48ab-e1e4-5750a37fb0aa","parent_id","from_field","id","Leads",""); 
INSERT INTO pm_process_task_create_by_field_defs (`id`,`task_id`,`create_by_field_field`,`create_by_field_method`,`create_by_field_by_field`,`create_by_field_by_value`,`create_by_field_by_date`) VALUES ("27835c50-5a95-600b-25c1-5750a3fabb02","421493fe-7523-48ab-e1e4-5750a37fb0aa","status","by_value","id","Planned",""); 
INSERT INTO pm_process_task_create_by_field_defs (`id`,`task_id`,`create_by_field_field`,`create_by_field_method`,`create_by_field_by_value`,`create_by_field_by_field`,`create_by_field_by_date`) VALUES ("a18da283-59ad-9e65-909c-5750a4552e96","1ab04b79-5b0c-bbc8-b41d-5750a49e1d84","name","by_value","Call for new Lead $leads_first_name","",""); 
INSERT INTO pm_process_task_create_by_field_defs (`id`,`task_id`,`create_by_field_field`,`create_by_field_method`,`create_by_field_by_field`,`create_by_field_by_value`,`create_by_field_by_date`) VALUES ("b8c86195-d5a3-0208-ca59-5750a429eebb","1ab04b79-5b0c-bbc8-b41d-5750a49e1d84","assigned_user_id","from_field","assigned_user_id","Call for new Lead $leads_first_name",""); 
INSERT INTO pm_process_task_create_by_field_defs (`id`,`task_id`,`create_by_field_field`,`create_by_field_method`,`create_by_field_by_field`,`create_by_field_by_value`,`create_by_field_by_date`) VALUES ("cfdfe8cc-a3a4-19d1-39d7-5750a41e3d75","1ab04b79-5b0c-bbc8-b41d-5750a49e1d84","status","by_value","assigned_user_id","Planned",""); 
INSERT INTO pm_process_task_create_by_field_defs (`id`,`task_id`,`create_by_field_field`,`create_by_field_method`,`create_by_field_by_field`,`create_by_field_by_value`,`create_by_field_by_date`) VALUES ("e6a10496-7cf9-c85b-7f68-5750a4b82570","1ab04b79-5b0c-bbc8-b41d-5750a49e1d84","parent_type","by_value","assigned_user_id","Leads",""); 
INSERT INTO pm_process_task_create_by_field_defs (`id`,`task_id`,`create_by_field_field`,`create_by_field_method`,`create_by_field_by_field`,`create_by_field_by_value`,`create_by_field_by_date`) VALUES ("a0f00ab5-a4d4-c8d1-6ca6-5750a426673c","1ab04b79-5b0c-bbc8-b41d-5750a49e1d84","parent_id","from_field","id","Leads",""); 
INSERT INTO pm_process_task_create_by_field_defs (`id`,`task_id`,`create_by_field_field`,`create_by_field_method`,`create_by_field_by_value`,`create_by_field_by_field`,`create_by_field_by_date`) VALUES ("c062ed91-5da9-ff95-23d2-5750a40a4e31","97fd0492-9139-9c4d-4ab5-5750a453a5f0","name","by_value","3rd Call for New Lead - $leads_first_name","",""); 
INSERT INTO pm_process_task_create_by_field_defs (`id`,`task_id`,`create_by_field_field`,`create_by_field_method`,`create_by_field_by_field`,`create_by_field_by_value`,`create_by_field_by_date`) VALUES ("d5389110-2c62-c858-a97e-5750a48fa706","97fd0492-9139-9c4d-4ab5-5750a453a5f0","assigned_user_id","from_field","assigned_user_id","3rd Call for New Lead - $leads_first_name",""); 
INSERT INTO pm_process_task_create_by_field_defs (`id`,`task_id`,`create_by_field_field`,`create_by_field_method`,`create_by_field_by_field`,`create_by_field_by_value`,`create_by_field_by_date`) VALUES ("ec1c920a-80ba-51b1-2c25-5750a47fef93","97fd0492-9139-9c4d-4ab5-5750a453a5f0","parent_type","by_value","assigned_user_id","Leads",""); 
INSERT INTO pm_process_task_create_by_field_defs (`id`,`task_id`,`create_by_field_field`,`create_by_field_method`,`create_by_field_by_field`,`create_by_field_by_value`,`create_by_field_by_date`) VALUES ("c60d0be5-89c1-bc87-f342-5750a4e9dad1","97fd0492-9139-9c4d-4ab5-5750a453a5f0","parent_id","from_field","id","Leads",""); 
INSERT INTO pm_process_task_create_by_field_defs (`id`,`task_id`,`create_by_field_field`,`create_by_field_method`,`create_by_field_by_field`,`create_by_field_by_value`,`create_by_field_by_date`) VALUES ("23a4fd66-1dec-604a-7b9d-5750a49d3c39","97fd0492-9139-9c4d-4ab5-5750a453a5f0","status","by_value","id","Planned",""); 
INSERT INTO pm_process_task_create_by_field_defs (`id`,`task_id`,`create_by_field_field`,`create_by_field_method`,`create_by_field_by_value`,`create_by_field_by_field`,`create_by_field_by_date`) VALUES ("c43d18c4-7291-78c8-5521-5750a3d12e42","5c65d81a-096e-a7c1-ce05-5750a315868a","name","by_value","3rd Call for New Lead - $leads_first_name","",""); 
INSERT INTO pm_process_task_create_by_field_defs (`id`,`task_id`,`create_by_field_field`,`create_by_field_method`,`create_by_field_by_field`,`create_by_field_by_value`,`create_by_field_by_date`) VALUES ("da344f33-98d2-50e7-2971-5750a3ebaf82","5c65d81a-096e-a7c1-ce05-5750a315868a","assigned_user_id","from_field","assigned_user_id","3rd Call for New Lead - $leads_first_name",""); 
INSERT INTO pm_process_task_create_by_field_defs (`id`,`task_id`,`create_by_field_field`,`create_by_field_method`,`create_by_field_by_field`,`create_by_field_by_value`,`create_by_field_by_date`) VALUES ("417ce776-57dd-2cf5-6a68-5750a42169fb","5c65d81a-096e-a7c1-ce05-5750a315868a","parent_type","by_value","assigned_user_id","Leads",""); 
INSERT INTO pm_process_task_create_by_field_defs (`id`,`task_id`,`create_by_field_field`,`create_by_field_method`,`create_by_field_by_field`,`create_by_field_by_value`,`create_by_field_by_date`) VALUES ("dadfe1de-85ef-3192-b329-5750a4f15297","5c65d81a-096e-a7c1-ce05-5750a315868a","parent_id","from_field","id","Leads",""); 
INSERT INTO pm_process_task_create_by_field_defs (`id`,`task_id`,`create_by_field_field`,`create_by_field_method`,`create_by_field_by_field`,`create_by_field_by_value`,`create_by_field_by_date`) VALUES ("60d856a6-794c-019f-413f-5750a4b23bf6","5c65d81a-096e-a7c1-ce05-5750a315868a","status","by_value","id","Planned",""); 
INSERT INTO pm_process_task_create_object_defs (`id`,`task_id`,`create_object_type`,`create_record_method`,`create_object_id`,`create_object_description`,`assigned_user_id_create_object`,`inherit_parent_data`,`inherit_parent_relationships`,`relate_object_to_parent`) VALUES ("484907b9-9dbf-847c-de83-5750a21cf43b","484907b9-9dbf-847c-de83-5750a21cf43b","calls","By Field","","","",0,0,0); 
INSERT INTO pm_process_task_create_object_defs (`id`,`task_id`,`create_object_type`,`create_record_method`,`create_object_id`,`create_object_description`,`assigned_user_id_create_object`,`inherit_parent_data`,`inherit_parent_relationships`,`relate_object_to_parent`) VALUES ("5100fca4-18f0-ca39-4e87-5750a06d9561","5100fca4-18f0-ca39-4e87-5750a06d9561","calls","By Field","","","",0,0,0); 
INSERT INTO pm_process_task_create_object_defs (`id`,`task_id`,`create_object_type`,`create_record_method`,`create_object_id`,`create_object_description`,`assigned_user_id_create_object`,`inherit_parent_data`,`inherit_parent_relationships`,`relate_object_to_parent`) VALUES ("421493fe-7523-48ab-e1e4-5750a37fb0aa","421493fe-7523-48ab-e1e4-5750a37fb0aa","calls","By Field","","","",0,0,0); 
INSERT INTO pm_process_task_create_object_defs (`id`,`task_id`,`create_object_type`,`create_record_method`,`create_object_id`,`create_object_description`,`assigned_user_id_create_object`,`inherit_parent_data`,`inherit_parent_relationships`,`relate_object_to_parent`) VALUES ("1ab04b79-5b0c-bbc8-b41d-5750a49e1d84","1ab04b79-5b0c-bbc8-b41d-5750a49e1d84","calls","By Field","","","",0,0,0); 
INSERT INTO pm_process_task_create_object_defs (`id`,`task_id`,`create_object_type`,`create_record_method`,`create_object_id`,`create_object_description`,`assigned_user_id_create_object`,`inherit_parent_data`,`inherit_parent_relationships`,`relate_object_to_parent`) VALUES ("97fd0492-9139-9c4d-4ab5-5750a453a5f0","97fd0492-9139-9c4d-4ab5-5750a453a5f0","calls","By Field","","","",0,0,0); 
INSERT INTO pm_process_task_create_object_defs (`id`,`task_id`,`create_object_type`,`create_record_method`,`create_object_id`,`create_object_description`,`assigned_user_id_create_object`,`inherit_parent_data`,`inherit_parent_relationships`,`relate_object_to_parent`) VALUES ("5c65d81a-096e-a7c1-ce05-5750a315868a","5c65d81a-096e-a7c1-ce05-5750a315868a","calls","By Field","","","",0,0,0); 
INSERT INTO pm_processmmanagerstage (`id`,`deleted`,`date_modified`,`pm_processmanager_ida`,`pm_processmanagerstage_idb`) VALUES ("c9dfcb83-a586-23d4-1360-5750a4e9981b",0,"2016-06-02 14:25:54","50bbf3eb-4154-d852-231e-5750a0abafb5","50c29b9c-113d-2c43-862b-5750a0342fea") ; 
INSERT INTO pm_processmgerstagetask (`id`,`deleted`,`date_modified`,`pm_processmanagerstage_ida`,`pm_processmanagerstagetask_idb`) VALUES ("caff10b1-94dc-eb25-b033-5750a4291f1c",0,"2016-06-02 14:25:54","50c29b9c-113d-2c43-862b-5750a0342fea","5100fca4-18f0-ca39-4e87-5750a06d9561") ; 
INSERT INTO pm_processmgerstagetask (`id`,`deleted`,`date_modified`,`pm_processmanagerstage_ida`,`pm_processmanagerstagetask_idb`) VALUES ("cb15ae01-795e-48fa-0951-5750a443ffd0",0,"2016-06-02 14:25:54","50c29b9c-113d-2c43-862b-5750a0342fea","484907b9-9dbf-847c-de83-5750a21cf43b") ; 
INSERT INTO pm_processmmanagerstage (`id`,`deleted`,`date_modified`,`pm_processmanager_ida`,`pm_processmanagerstage_idb`) VALUES ("c9fe697a-3726-66d2-8abd-5750a4cb396d",0,"2016-06-02 14:25:54","50bbf3eb-4154-d852-231e-5750a0abafb5","2878c417-9dc1-48e0-43a7-5750a356ca36") ; 
INSERT INTO pm_processmgerstagetask (`id`,`deleted`,`date_modified`,`pm_processmanagerstage_ida`,`pm_processmanagerstagetask_idb`) VALUES ("8721bfa0-779d-52e4-1d7e-5750a4b3729f",0,"2016-06-02 14:26:51","2878c417-9dc1-48e0-43a7-5750a356ca36","1ab04b79-5b0c-bbc8-b41d-5750a49e1d84") ; 
INSERT INTO pm_processmgerstagetask (`id`,`deleted`,`date_modified`,`pm_processmanagerstage_ida`,`pm_processmanagerstagetask_idb`) VALUES ("cb2c5de5-8ebe-0105-2261-5750a42e1b30",0,"2016-06-02 14:25:54","2878c417-9dc1-48e0-43a7-5750a356ca36","421493fe-7523-48ab-e1e4-5750a37fb0aa") ; 
INSERT INTO pm_processmmanagerstage (`id`,`deleted`,`date_modified`,`pm_processmanager_ida`,`pm_processmanagerstage_idb`) VALUES ("ca1969f1-4d0a-4b1f-7180-5750a427f1af",0,"2016-06-02 14:25:54","50bbf3eb-4154-d852-231e-5750a0abafb5","c33203a9-cb35-4bcd-0f72-5750a335f2a1") ; 
INSERT INTO pm_processmgerstagetask (`id`,`deleted`,`date_modified`,`pm_processmanagerstage_ida`,`pm_processmanagerstagetask_idb`) VALUES ("cb428439-ec11-b984-2334-5750a4c90975",0,"2016-06-02 14:25:54","c33203a9-cb35-4bcd-0f72-5750a335f2a1","5c65d81a-096e-a7c1-ce05-5750a315868a") ; 
INSERT INTO pm_processmgerstagetask (`id`,`deleted`,`date_modified`,`pm_processmanagerstage_ida`,`pm_processmanagerstagetask_idb`) VALUES ("cb58ad3a-5851-8c63-c3a6-5750a40f690f",0,"2016-06-02 14:25:54","c33203a9-cb35-4bcd-0f72-5750a335f2a1","97fd0492-9139-9c4d-4ab5-5750a453a5f0") ; 
